castId,castName
0,Robert Downey Jr.
1,Chris Hemsworth
2,Mark Ruffalo
3,Chris Evans
4,Scarlett Johansson
5,Jeremy Renner
6,Sebastian Stan
7,Tommy Jones
8,Hugo Weaving
9,Brie Larson
10,Samuel Jackson
11,Ben Mendelsohn
12,Benedict Cumberbatch
13,Chiwetel Ejiofor
14,Rachel McAdams
15,Chris Pratt
16,Dave Bautista
17,Vin Diesel
18,Bradley Cooper
19,Terrence Howard
20,Jeff Bridges
21,Gwyneth Paltrow
22,Don Cheadle
23,Natalie Portman
24,Tom Hiddleston
25, Anthony Hopkins
46,Dee Baker
47,Chloe Bennet
48,Kathreen Khavari
49,Jeff McNeil
50,Meghan Leon
51,Jason Hillhouse
52,Paul Rudd
53,Evangeline Lilly
54,Corey Stoll
55,Chadwick Boseman
56,Michael Jordan
57,Lupita Nyong'o
58,Cate Blanchett
26,Drake Bell
27,Chi McBride
28,Steven Weber
29,Hayley Atwell
30,James D'Arcy
31,Chad Murray
