videoId,title,description,classfication
s1054001,Marvel Ultimate Spider-Man,Spider-Man trains alongside four fellow teenage superheroes.,TV-Y7
s1054002,Marvel Ultimate Spider-Man,Spider-Man trains alongside four fellow teenage superheroes.,TV-Y7
s1054003,Marvel Ultimate Spider-Man,Spider-Man trains alongside four fellow teenage superheroes.,TV-Y7
s1054004,Marvel Ultimate Spider-Man,Spider-Man trains alongside four fellow teenage superheroes.,TV-Y7
s1054005,Marvel Ultimate Spider-Man,Spider-Man trains alongside four fellow teenage superheroes.,TV-Y7
s1054006,Marvel Ultimate Spider-Man,Spider-Man trains alongside four fellow teenage superheroes.,TV-Y7
s1054007,Marvel Ultimate Spider-Man,Spider-Man trains alongside four fellow teenage superheroes.,TV-Y7
s1054008,Marvel Ultimate Spider-Man,Spider-Man trains alongside four fellow teenage superheroes.,TV-Y7
s1054009,Marvel Ultimate Spider-Man,Spider-Man trains alongside four fellow teenage superheroes.,TV-Y7
s1054010,Marvel Ultimate Spider-Man,Spider-Man trains alongside four fellow teenage superheroes.,TV-Y7
s1054011,Marvel Ultimate Spider-Man,Spider-Man trains alongside four fellow teenage superheroes.,TV-Y7
s1054012,Marvel Ultimate Spider-Man,Spider-Man trains alongside four fellow teenage superheroes.,TV-Y7
s1054013,Marvel Ultimate Spider-Man,Spider-Man trains alongside four fellow teenage superheroes.,TV-Y7
s1054014,Marvel Ultimate Spider-Man,Spider-Man trains alongside four fellow teenage superheroes.,TV-Y7
s1054015,Marvel Ultimate Spider-Man,Spider-Man trains alongside four fellow teenage superheroes.,TV-Y7
s1054016,Marvel Ultimate Spider-Man,Spider-Man trains alongside four fellow teenage superheroes.,TV-Y7
s1054017,Marvel Ultimate Spider-Man,Spider-Man trains alongside four fellow teenage superheroes.,TV-Y7
s1054018,Marvel Ultimate Spider-Man,Spider-Man trains alongside four fellow teenage superheroes.,TV-Y7
s1054019,Marvel Ultimate Spider-Man,Spider-Man trains alongside four fellow teenage superheroes.,TV-Y7
s1054020,Marvel Ultimate Spider-Man,Spider-Man trains alongside four fellow teenage superheroes.,TV-Y7
s1055001,Marvel's Agent Carter,"Working for SSR, Peggy would rather be in the field.",TV-14
s1055002,Marvel's Agent Carter,"Working for SSR, Peggy would rather be in the field.",TV-14
s1055003,Marvel's Agent Carter,"Working for SSR, Peggy would rather be in the field.",TV-14
s1055004,Marvel's Agent Carter,"Working for SSR, Peggy would rather be in the field.",TV-14
s1055005,Marvel's Agent Carter,"Working for SSR, Peggy would rather be in the field.",TV-14
s1055006,Marvel's Agent Carter,"Working for SSR, Peggy would rather be in the field.",TV-14
s1055007,Marvel's Agent Carter,"Working for SSR, Peggy would rather be in the field.",TV-14
s1055008,Marvel's Agent Carter,"Working for SSR, Peggy would rather be in the field.",TV-14
s1055009,Marvel's Agent Carter,"Working for SSR, Peggy would rather be in the field.",TV-14
s1055010,Marvel's Agent Carter,"Working for SSR, Peggy would rather be in the field.",TV-14
s1039,Marvel Studios' Avengers: Age of Ultron,Tony Stark unwittingly creates an A.I. monster bent on destroying mankind.,PG-13
s1040,Marvel Studios' Avengers: Endgame,"The epic finale to the Infinity Saga, this dramatic showdown pits the Avengers against Thanos.",PG-13
s1041,Marvel Studios' Captain America: Civil War,"Captain America and Iron Man clash, causing the Avengers to choose sides.",PG-13
s1042,Marvel Studios' Captain America: The First Avenger,A top-secret research project turns Steve Rogers into Captain America.,PG-13
s1043,Marvel Studios' Captain America: The Winter Soldier,Captain America and Black Widow join forces against the Winter Soldier.,PG-13
s1044,Marvel Studios' Captain Marvel,Marvel Studios' Captain Marvel launches the MCU's most powerful hero.,PG-13
s1045,Marvel Studios' Doctor Strange,A famous surgeon battles unseen forces bent on destroying our reality.,PG-13
s1046,Marvel Studios' Guardians of the Galaxy,A group of misfit heroes become the object of an unrelenting bounty hunt.,PG-13
s1047,Marvel Studios' Guardians of the Galaxy Vol. 2,The Guardians fight to keep their newfound family together as they discover Quill's parentage.,PG-13
s1048,Marvel Studios' Iron Man,Jet-setting industrialist Tony Stark vows to protect the world as Iron Man.,PG-13
s1049,Marvel Studios' Iron Man 2,Inventor Tony Stark forges new alliances to confront powerful enemies.,PG-13
s1050,Marvel Studios' Iron Man 3,"His personal world destroyed, Tony Stark embarks on a harrowing quest to find those responsible.",PG-13
s1051,Marvel Studios' The Avengers,Nick Fury recruits a team of heroes to battle an unexpected enemy.,PG-13
s1052,Marvel Studios' Thor,"Thor, Asgard's greatest hero, reignites an ancient war that he must take part in from Earth.",PG-13
s1053,Marvel Studios' Thor: The Dark World,Thor must set out on his most dangerous and personal journey yet.,PG-13
s1035,Marvel Rising: Secret Warriors,Marvel's young powered heroes join forces to protect the Universe.,TV-Y7-FV
s1036,Marvel Studios: Assembling A Universe,An exclusive look inside the world of Marvel Studios.,TV-PG
s1038,Marvel Studios' Ant-Man,Scott Lang and Dr. Hank Pym plan a heist that could save the world.,PG-13
s492,Marvel Studios' Avengers: Infinity War,The Avengers must be willing to sacrifice all to defeat Thanos.,PG-13
s610,Marvel Studios' Black Panther,Thalla battles a powerful foe when his homeland of Wakanda is threatened.,PG-13
s686,Marvel Studios' Thor: Ragnarok,Thor races against time to ensure that Asgard does not fall into the Hela's ruthless hands.,PG-13
